<xml xmlns="https://developers.google.com/blockly/xml">
  <variables>
    <variable id="N##.+mIcCTXQiXyty2CH">channel-w</variable>
  </variables>
  <block type="s4d_on_message" id="K/w|(`aUE[`0zfQN*]K@" x="-1437" y="-229">
    <statement name="STATEMENTS">
      <block type="controls_if" id="^@uW;mAZgkYA9Vw`RU`0">
        <value name="IF0">
          <block type="logic_compare" id="/*s)!Gv(Q_14;o^dT1@r">
            <field name="OP">EQ</field>
            <value name="A">
              <block type="s4d_message_content" id="+Ul*MLx6}fd)/0*)k#=8"></block>
            </value>
            <value name="B">
              <block type="jg_text_remake_paragraph_quotes" id="/fUn2|jEiyj0YGu#)[mP">
                <field name="TEXT">!set-welcome</field>
              </block>
            </value>
          </block>
        </value>
        <statement name="DO0">
          <block type="variables_set" id="a-t1v9TW:QMQrZSW:~,1">
            <field name="VAR" id="N##.+mIcCTXQiXyty2CH">channel-w</field>
            <value name="VALUE">
              <block type="s4d_mentioned_channel" id="S6DYJ_).~dtI8y%526;!"></block>
            </value>
          </block>
        </statement>
        <next>
          <block type="s4d_embed_create" id="Jjl7_cjkfA#D4u%JiDI;">
            <field name="NAME">welcomer</field>
            <statement name="THEN">
              <block type="s4d_embed_set_title" id="J.+oO63|.GjNGc]6HQi%">
                <value name="TITLE">
                  <shadow type="text" id="u77mZ0*UarcN,J1l^VA8">
                    <field name="TEXT">Welcomer Channel Set!</field>
                  </shadow>
                </value>
                <next>
                  <block type="s4d_embed_set_desc" id="(Qf1H+|#s,q*pzz`-6^D">
                    <value name="DESC">
                      <shadow type="text" id="w]E[3O,*.bB4lq2jYa(#">
                        <field name="TEXT">Some desc here...</field>
                      </shadow>
                      <block type="text_join" id=")/qLFGK{:iMp-L%9]S]h">
                        <mutation items="2"></mutation>
                        <value name="ADD0">
                          <block type="jg_text_remake_paragraph_quotes" id="V5P@52Vx+Av!N#;g7J,*">
                            <field name="TEXT">Set Welcomer Channel To: </field>
                          </block>
                        </value>
                        <value name="ADD1">
                          <block type="s4d_mentioned_channel" id="_n[$7zL@?jur:*dK_2-D"></block>
                        </value>
                      </block>
                    </value>
                  </block>
                </next>
              </block>
            </statement>
          </block>
        </next>
      </block>
    </statement>
  </block>
  <block type="s4d_on_added" id="nVm9E+v=^`x#sQUh+5$d" x="-778" y="-221">
    <statement name="STATEMENTS">
      <block type="s4d_embed_create" id="/ue}4VuXZZ!0cm?i@PH:">
        <field name="NAME">hi</field>
        <statement name="THEN">
          <block type="s4d_embed_set_title" id="+l2=.{7kVDeZ4Y9nMp/~">
            <value name="TITLE">
              <shadow type="text" id="!U-o9,283)uR={6C/|]%">
                <field name="TEXT">Hello!</field>
              </shadow>
            </value>
            <next>
              <block type="s4d_embed_set_desc" id="m!W$=*{#+uXy@(OI-8B!">
                <value name="DESC">
                  <shadow type="text" id="[H1(-g)h8YVV)c24o%Fs">
                    <field name="TEXT">Hello, I'm **Bolty**! ``!help`` for the commands.</field>
                  </shadow>
                </value>
              </block>
            </next>
          </block>
        </statement>
      </block>
    </statement>
  </block>
  <block type="s4d_login" id="Fkw9peEN`b~mL8~ZVwCX" x="197" y="6">
    <value name="TOKEN">
      <shadow type="text" id=":~~-LlPtfj`$]D1p%h,d">
        <field name="TEXT">MTA5Mjg4ODM3OTcyNjc1Nzk2Mg.GfqS4f.nzu5KP_YIp1jRzCKgYxzbRvB_6r6xzypZl1nho</field>
      </shadow>
    </value>
  </block>
  <block type="s4d_on_message" id="WeSDSnKb3v0Pen{qy6r9" x="-609" y="81">
    <statement name="STATEMENTS">
      <block type="controls_if" id="3^,s=3a+.0mL3LIHTreg">
        <value name="IF0">
          <block type="logic_compare" id="J9.f9jsE02*c#dZ[ZOBD">
            <field name="OP">EQ</field>
            <value name="A">
              <block type="s4d_message_content" id="+`/2?o$HNF([d6XF.}F9"></block>
            </value>
            <value name="B">
              <block type="jg_text_remake_paragraph_quotes" id="l5M[Z!X/=egj`/ASRk/)">
                <field name="TEXT">!invites</field>
              </block>
            </value>
          </block>
        </value>
        <statement name="DO0">
          <block type="s4d_embed_create" id="aLh=Fc)wS2*Wp8d4@u-;">
            <field name="NAME">invites</field>
            <statement name="THEN">
              <block type="s4d_embed_set_title" id="b`,OX{-f(%SJf=l-QhcY">
                <value name="TITLE">
                  <shadow type="text" id="DwM,woS1-2|zEm667=i`">
                    <field name="TEXT">Invites</field>
                  </shadow>
                </value>
                <next>
                  <block type="s4d_embed_set_desc" id="T6wN(C?b_jp-2(o?xEu~">
                    <value name="DESC">
                      <shadow type="text" id="~#s]*_pB[0*`J]#668G=">
                        <field name="TEXT">Some desc here...</field>
                      </shadow>
                      <block type="get_member_invites" id="4-tTP.7.Q`w#p239E+X,">
                        <value name="USER">
                          <block type="s4d_mentioned_member" id="gfr._J[J,D}G2y,hanB-"></block>
                        </value>
                      </block>
                    </value>
                  </block>
                </next>
              </block>
            </statement>
          </block>
        </statement>
      </block>
    </statement>
  </block>
  <block type="s4d_on_member_join" id="yEVIFl!Z=z4#rApQaJ?b" x="-621" y="458">
    <statement name="STATEMENTS">
      <block type="jose_jg_create_webhook_in_channel_with_name_and_profile_picture_url_with_reason_then_do" id="*`-}+x5o?@F1!~n~-9HI">
        <value name="channel">
          <block type="variables_get" id="PUfL.oEiV@]`4zsaMFOv">
            <field name="VAR" id="N##.+mIcCTXQiXyty2CH">channel-w</field>
          </block>
        </value>
        <value name="NAME">
          <block type="text_join" id="k5_o0|r*5dDN.A:axZ2q">
            <mutation items="2"></mutation>
            <value name="ADD0">
              <block type="jg_text_remake_paragraph_quotes" id="PtMq3SULYwYP,%pbvO$F">
                <field name="TEXT">Bolty Welcomer • </field>
              </block>
            </value>
            <value name="ADD1">
              <block type="s4d_joining_member" id="]v{S1^L)|WP4qQ?k`8H:"></block>
            </value>
          </block>
        </value>
        <value name="URL">
          <block type="jg_text_remake_paragraph_quotes" id="mC6WQ[!HSDp{]Fj$mc0E">
            <field name="TEXT">https://i.ibb.co/5Yybt4X/discotools-xyz-icon-2.png</field>
          </block>
        </value>
        <value name="REASON">
          <block type="jg_text_remake_paragraph_quotes" id="x$*I{4i{b1`AeU5vcWrf">
            <field name="TEXT">Because of bolty welcomer method</field>
          </block>
        </value>
        <statement name="STATEMENTS">
          <block type="s4d_embed_create" id="Ib6yA`2p.u|%g~RzH#|K">
            <field name="NAME">welcome</field>
            <statement name="THEN">
              <block type="s4d_embed_set_title" id="!+tlZTs%5W/Jg2rCuQZe">
                <value name="TITLE">
                  <shadow type="text" id="/L^5+YCR~M}(tCHa~,Zg">
                    <field name="TEXT">A Member Has Joined:</field>
                  </shadow>
                </value>
                <next>
                  <block type="s4d_embed_set_desc" id="|`e1/OiG@t:ml0s%2!^@">
                    <value name="DESC">
                      <shadow type="text" id="GGr~Ou0CR|OwVq{xPD?M">
                        <field name="TEXT">Some desc here...</field>
                      </shadow>
                      <block type="s4d_joining_member" id=",na?$Tsecm-d~bjVf,;-"></block>
                    </value>
                  </block>
                </next>
              </block>
            </statement>
          </block>
        </statement>
      </block>
    </statement>
  </block>
</xml>